"Tarih","Saat","Toplam (MWh)","Rüzgar (MWh)","Biyogaz (MWh)","Kanal Tipi (MWh)","Biyokütle (MWh)","Güneþ (MWh)","Diðer (MWh)"
"01.12.2020","00:00","64,65","29,51","17,14","1,22","14,86","0,65","1,28"
"01.12.2020","01:00","65,41","29,07","17,14","1,26","15,93","0,70","1,30"
"01.12.2020","02:00","67,32","29,88","18,36","1,25","15,53","0,96","1,35"
"01.12.2020","03:00","66,77","29,35","18,09","1,08","15,72","0,95","1,58"
"01.12.2020","04:00","65,12","28,21","17,57","1,01","15,46","1,29","1,58"
"01.12.2020","05:00","63,83","27,42","17,57","1,24","15,06","1,59","0,96"
"01.12.2020","06:00","64,73","27,86","17,59","0,89","15,05","2,41","0,94"
"01.12.2020","07:00","91,93","27,22","17,31","0,79","15,29","29,38","1,93"
"01.12.2020","08:00","269,62","25,33","17,48","0,77","15,14","209,25","1,64"
"01.12.2020","09:00","647,62","23,72","17,34","0,68","14,35","589,13","2,40"
"01.12.2020","10:00","1.163,42","23,51","17,01","0,92","14,63","1.103,76","3,60"
"01.12.2020","11:00","1.705,44","22,41","16,00","1,12","15,77","1.645,75","4,38"
"01.12.2020","12:00","1.812,83","22,64","16,60","1,16","15,42","1.752,01","5,00"
"01.12.2020","13:00","1.687,52","21,50","16,64","1,61","14,27","1.628,70","4,80"
"01.12.2020","14:00","1.294,99","20,58","15,59","1,63","15,57","1.237,73","3,89"
"01.12.2020","15:00","812,15","19,95","16,17","1,73","15,36","755,90","3,04"
"01.12.2020","16:00","316,90","20,10","16,25","1,63","15,38","261,78","1,77"
"01.12.2020","17:00","77,03","19,27","16,65","1,03","15,59","23,33","1,17"
"01.12.2020","18:00","56,66","19,70","16,52","0,97","15,70","3,13","0,65"
"01.12.2020","19:00","54,94","20,12","16,60","1,02","16,05","0,42","0,74"
"01.12.2020","20:00","53,60","19,33","15,65","1,30","14,94","1,60","0,78"
"01.12.2020","21:00","53,70","18,82","16,47","1,34","15,83","0,47","0,78"
"01.12.2020","22:00","51,29","16,91","16,40","1,32","15,95","0,52","0,19"
"01.12.2020","23:00","48,40","14,89","14,99","1,28","15,59","1,31","0,34"
"02.12.2020","00:00","45,83","13,15","15,14","1,27","15,01","1,09","0,19"
"02.12.2020","01:00","46,65","13,27","14,96","1,20","15,48","1,59","0,16"
"02.12.2020","02:00","47,70","13,02","15,22","1,34","15,81","2,20","0,11"
"02.12.2020","03:00","49,06","13,94","15,72","1,37","15,38","2,54","0,12"
"02.12.2020","04:00","48,25","13,67","15,85","1,34","13,69","3,54","0,15"
"02.12.2020","05:00","47,94","11,93","15,85","1,28","14,81","3,96","0,10"
"02.12.2020","06:00","49,66","10,76","15,88","1,26","14,89","6,46","0,42"
"02.12.2020","07:00","105,54","10,53","15,88","0,92","14,22","63,37","0,62"
"02.12.2020","08:00","499,48","9,39","15,63","0,87","14,19","458,50","0,90"
"02.12.2020","09:00","1.417,80","7,27","15,34","0,63","11,55","1.380,14","2,87"
"02.12.2020","10:00","2.460,52","6,25","15,32","1,12","12,63","2.421,18","4,02"
"02.12.2020","11:00","3.159,95","5,05","16,74","1,14","13,46","3.119,43","4,13"
"02.12.2020","12:00","3.407,35","4,92","16,57","1,39","14,11","3.365,17","5,20"
"02.12.2020","13:00","3.097,14","5,26","16,95","1,87","15,19","3.053,14","4,73"
"02.12.2020","14:00","2.395,05","5,76","16,81","1,85","15,40","2.351,09","4,14"
"02.12.2020","15:00","1.421,30","5,64","16,97","1,37","14,01","1.380,11","3,18"
"02.12.2020","16:00","516,04","6,79","17,12","1,78","13,72","475,28","1,36"
"02.12.2020","17:00","80,48","6,60","17,02","1,68","14,30","40,00","0,88"
"02.12.2020","18:00","43,27","7,26","16,08","2,13","14,85","2,59","0,37"
"02.12.2020","19:00","42,01","7,66","16,67","2,11","14,73","0,45","0,40"
"02.12.2020","20:00","42,52","7,51","17,08","2,10","14,90","0,50","0,42"
"02.12.2020","21:00","40,10","7,17","15,64","1,36","14,81","0,47","0,64"
"02.12.2020","22:00","41,74","7,46","17,43","1,42","14,79","0,50","0,15"
"02.12.2020","23:00","41,11","6,69","17,44","1,28","14,78","0,78","0,15"
"03.12.2020","00:00","39,49","5,17","17,42","1,27","14,20","1,22","0,22"
"03.12.2020","01:00","40,92","5,71","17,45","1,27","14,48","1,79","0,22"
"03.12.2020","02:00","40,43","4,80","17,30","1,17","14,72","2,36","0,08"
"03.12.2020","03:00","40,54","4,20","17,29","1,16","14,79","3,03","0,07"
"03.12.2020","04:00","41,17","4,05","17,44","1,23","14,79","3,57","0,09"
"03.12.2020","05:00","41,45","3,64","17,43","1,11","14,71","4,46","0,10"
"03.12.2020","06:00","44,68","3,40","17,29","1,25","14,80","7,63","0,32"
"03.12.2020","07:00","126,99","3,47","17,43","1,21","14,62","89,51","0,75"
"03.12.2020","08:00","638,89","3,50","17,44","1,20","14,31","601,40","1,03"
"03.12.2020","09:00","1.826,19","3,09","17,41","1,01","14,00","1.788,29","2,39"
"03.12.2020","10:00","2.960,74","2,04","17,43","0,77","14,46","2.921,94","4,11"
"03.12.2020","11:00","3.658,98","1,58","17,47","0,78","14,09","3.620,04","5,02"
"03.12.2020","12:00","3.825,68","1,04","17,23","1,05","14,21","3.787,11","5,05"
"03.12.2020","13:00","3.572,44","1,10","15,87","1,03","13,56","3.536,16","4,73"
"03.12.2020","14:00","2.875,35","1,51","15,86","1,01","13,48","2.839,46","4,04"
"03.12.2020","15:00","1.772,81","2,16","15,86","1,59","14,13","1.735,70","3,37"
"03.12.2020","16:00","638,76","2,07","15,86","1,89","15,11","602,35","1,48"
"03.12.2020","17:00","85,32","2,24","15,86","1,94","14,79","49,60","0,89"
"03.12.2020","18:00","37,45","2,40","15,70","1,98","14,36","2,65","0,37"
"03.12.2020","19:00","35,58","2,55","15,48","1,72","14,93","0,44","0,45"
"03.12.2020","20:00","36,03","2,75","15,54","1,48","15,35","0,48","0,43"
"03.12.2020","21:00","37,40","3,23","15,68","1,45","15,95","0,48","0,60"
"03.12.2020","22:00","36,12","2,79","15,68","1,08","15,89","0,52","0,15"
"03.12.2020","23:00","36,78","3,30","15,65","1,11","15,53","1,11","0,08"
"04.12.2020","00:00","38,63","3,66","16,93","1,18","15,16","1,65","0,05"
"04.12.2020","01:00","38,94","3,22","16,93","1,23","15,27","2,23","0,06"
"04.12.2020","02:00","38,99","2,91","17,04","1,20","15,08","2,71","0,05"
"04.12.2020","03:00","39,26","3,43","17,07","1,17","14,65","2,89","0,05"
"04.12.2020","04:00","39,78","3,50","16,97","0,87","14,92","3,44","0,08"
"04.12.2020","05:00","41,39","3,84","17,08","0,82","14,94","4,58","0,13"
"04.12.2020","06:00","47,09","5,14","16,98","1,01","15,06","8,38","0,52"
"04.12.2020","07:00","138,72","6,10","16,93","0,96","14,71","98,99","1,04"
"04.12.2020","08:00","682,22","5,88","15,67","1,09","14,99","643,55","1,04"
"04.12.2020","09:00","1.836,74","5,12","15,89","0,90","14,72","1.798,13","1,99"
"04.12.2020","10:00","2.926,68","4,51","16,18","0,82","14,37","2.887,17","3,63"
"04.12.2020","11:00","3.594,69","3,60","16,03","1,10","15,02","3.554,45","4,50"
"04.12.2020","12:00","3.683,27","3,94","16,11","1,82","14,76","3.642,18","4,46"
"04.12.2020","13:00","3.320,04","3,79","16,23","1,75","14,54","3.279,77","3,95"
"04.12.2020","14:00","2.621,29","3,54","16,27","2,16","13,46","2.582,55","3,32"
"04.12.2020","15:00","1.568,70","2,91","15,72","1,68","15,09","1.530,64","2,65"
"04.12.2020","16:00","500,09","3,26","15,76","1,73","14,33","463,89","1,12"
"04.12.2020","17:00","61,20","4,13","15,93","1,82","14,57","23,95","0,80"
"04.12.2020","18:00","37,63","4,07","15,96","1,59","14,68","1,07","0,26"
"04.12.2020","19:00","36,16","4,26","15,39","1,52","14,36","0,44","0,18"
"04.12.2020","20:00","37,60","4,63","15,24","1,78","15,28","0,46","0,21"
"04.12.2020","21:00","36,52","4,02","14,15","1,95","15,56","0,46","0,38"
"04.12.2020","22:00","37,69","5,01","14,64","1,89","15,29","0,56","0,30"
"04.12.2020","23:00","37,82","4,82","14,95","1,19","15,68","1,01","0,18"
"05.12.2020","00:00","36,39","3,73","15,10","0,90","14,95","1,52","0,19"
"05.12.2020","01:00","37,41","3,30","15,06","0,96","15,84","2,16","0,10"
"05.12.2020","02:00","38,35","3,78","15,09","0,97","15,71","2,70","0,09"
"05.12.2020","03:00","38,18","3,26","14,98","0,95","15,56","3,25","0,18"
"05.12.2020","04:00","38,89","3,35","14,78","0,89","15,64","4,06","0,17"
"05.12.2020","05:00","40,78","3,54","14,92","0,95","15,76","5,10","0,52"
"05.12.2020","06:00","44,09","3,88","14,90","0,89","15,79","8,06","0,57"
"05.12.2020","07:00","118,58","4,47","14,91","0,90","15,62","81,62","1,05"
"05.12.2020","08:00","648,43","3,66","15,30","0,95","13,64","613,41","1,46"
"05.12.2020","09:00","1.863,65","2,55","16,00","1,00","14,24","1.826,79","3,08"
"05.12.2020","10:00","3.006,78","1,70","16,30","0,86","14,59","2.968,61","4,72"
"05.12.2020","11:00","3.708,70","1,36","16,30","0,92","15,66","3.669,41","5,06"
"05.12.2020","12:00","3.873,23","1,62","16,26","0,87","15,00","3.834,14","5,33"
"05.12.2020","13:00","3.748,45","2,83","16,00","1,22","15,34","3.706,96","6,11"
"05.12.2020","14:00","3.086,56","2,99","16,20","1,63","14,63","3.045,22","5,90"
"05.12.2020","15:00","1.929,93","4,66","15,80","1,53","14,72","1.888,69","4,53"
"05.12.2020","16:00","656,45","6,11","16,15","1,73","15,63","615,32","1,52"
"05.12.2020","17:00","81,33","5,69","16,20","1,91","15,52","41,16","0,86"
"05.12.2020","18:00","43,30","6,94","16,29","2,24","15,61","2,05","0,17"
"05.12.2020","19:00","43,34","8,38","16,26","2,35","15,61","0,44","0,30"
"05.12.2020","20:00","44,66","9,73","16,26","2,10","15,72","0,48","0,37"
"05.12.2020","21:00","43,52","8,33","16,30","2,01","15,88","0,50","0,51"
"05.12.2020","22:00","42,83","7,30","16,94","1,90","15,83","0,54","0,33"
"05.12.2020","23:00","41,08","6,60","15,66","1,91","15,85","0,75","0,32"
"06.12.2020","00:00","41,03","6,89","15,12","1,99","15,53","1,22","0,28"
"06.12.2020","01:00","42,78","8,07","15,25","1,25","15,75","2,06","0,40"
"06.12.2020","02:00","41,87","7,49","15,12","0,87","15,26","2,89","0,26"
"06.12.2020","03:00","42,49","6,97","15,26","0,88","15,54","3,57","0,27"
"06.12.2020","04:00","42,26","6,05","15,84","0,85","14,93","4,28","0,30"
"06.12.2020","05:00","43,52","6,41","15,75","0,86","14,63","5,41","0,47"
"06.12.2020","06:00","47,55","6,62","15,25","0,94","14,86","9,23","0,65"
"06.12.2020","07:00","127,98","7,23","15,27","1,21","15,18","87,87","1,22"
"06.12.2020","08:00","782,68","6,28","15,12","1,23","15,46","743,09","1,50"
"06.12.2020","09:00","2.122,19","6,45","16,11","1,01","15,17","2.080,29","3,16"
"06.12.2020","10:00","3.346,09","5,79","14,66","0,10","15,29","3.305,51","4,73"
"06.12.2020","11:00","4.149,75","5,57","14,57","0,36","15,53","4.108,18","5,54"
"06.12.2020","12:00","4.389,83","4,90","15,49","1,06","15,19","4.347,27","5,92"
"06.12.2020","13:00","4.141,62","6,52","15,49","1,12","15,31","4.097,33","5,85"
"06.12.2020","14:00","3.463,78","8,12","15,46","1,01","14,79","3.419,21","5,19"
"06.12.2020","15:00","2.228,58","9,02","15,34","1,88","15,60","2.182,94","3,80"
"06.12.2020","16:00","775,65","10,03","15,39","1,70","15,57","731,02","1,93"
"06.12.2020","17:00","97,14","9,86","15,39","1,03","15,61","54,03","1,22"
"06.12.2020","18:00","47,57","11,75","15,50","1,94","15,89","1,93","0,56"
"06.12.2020","19:00","46,22","12,67","15,51","2,12","15,16","0,07","0,68"
"06.12.2020","20:00","46,38","12,23","15,46","2,07","15,67","0,07","0,88"
"06.12.2020","21:00","46,80","10,82","16,74","2,16","15,99","0,09","1,00"
"06.12.2020","22:00","45,27","10,16","16,88","1,90","15,82","0,13","0,38"
"06.12.2020","23:00","44,76","9,81","16,79","1,68","15,51","0,49","0,49"
"07.12.2020","00:00","44,00","8,60","16,90","1,74","15,36","0,90","0,50"
"07.12.2020","01:00","43,85","7,73","16,89","1,98","15,52","1,37","0,37"
"07.12.2020","02:00","44,23","8,01","16,89","1,22","15,84","1,88","0,39"
"07.12.2020","03:00","43,71","7,31","16,81","1,10","15,84","2,13","0,54"
"07.12.2020","04:00","43,10","6,27","16,88","0,97","15,81","2,77","0,39"
"07.12.2020","05:00","44,19","6,54","16,92","0,86","15,78","3,69","0,40"
"07.12.2020","06:00","47,56","6,88","16,65","0,90","15,72","6,81","0,60"
"07.12.2020","07:00","115,46","6,13","16,23","0,80","15,32","75,83","1,16"
"07.12.2020","08:00","692,02","6,03","16,24","0,41","14,81","653,17","1,37"
"07.12.2020","09:00","1.864,93","6,04","16,41","0,10","15,02","1.824,41","2,94"
"07.12.2020","10:00","2.851,67","5,70","16,44","0,25","15,10","2.809,90","4,28"
"07.12.2020","11:00","3.386,38","5,20","15,95","0,48","14,27","3.346,51","3,98"
"07.12.2020","12:00","3.517,75","5,28","15,91","1,32","14,21","3.476,93","4,11"
"07.12.2020","13:00","3.162,45","5,03","16,10","1,65","14,46","3.121,32","3,89"
"07.12.2020","14:00","2.432,28","7,94","15,97","1,44","14,06","2.389,15","3,72"
"07.12.2020","15:00","1.421,09","9,79","15,98","1,48","14,33","1.376,91","2,59"
"07.12.2020","16:00","439,10","9,94","16,39","1,53","15,78","393,69","1,77"
"07.12.2020","17:00","58,64","10,59","16,70","1,67","14,71","13,54","1,43"
"07.12.2020","18:00","49,55","15,26","16,03","1,71","14,89","0,78","0,88"
"07.12.2020","19:00","46,45","12,72","14,41","1,67","16,15","0,44","1,05"
"07.12.2020","20:00","45,78","11,93","14,71","1,74","16,07","0,51","0,82"
"07.12.2020","21:00","43,84","10,03","14,82","1,56","16,07","0,47","0,89"
"07.12.2020","22:00","41,01","7,81","14,84","1,34","15,99","0,53","0,49"
"07.12.2020","23:00","40,02","6,74","14,36","1,57","15,87","0,96","0,51"
"08.12.2020","00:00","42,56","9,37","14,68","1,54","15,23","1,20","0,53"
"08.12.2020","01:00","44,63","11,59","14,73","1,42","15,47","1,15","0,27"
"08.12.2020","02:00","43,97","11,26","14,34","0,73","15,73","1,35","0,57"
"08.12.2020","03:00","43,39","10,48","14,69","0,68","15,70","1,40","0,43"
"08.12.2020","04:00","43,56","10,58","14,27","0,65","15,68","2,10","0,28"
"08.12.2020","05:00","45,08","10,96","14,06","0,70","15,58","3,51","0,27"
"08.12.2020","06:00","47,42","11,84","14,31","0,67","15,36","4,81","0,42"
"08.12.2020","07:00","74,17","11,75","14,37","0,61","15,50","30,79","1,15"
"08.12.2020","08:00","240,64","10,18","15,45","0,65","15,00","198,19","1,18"
"08.12.2020","09:00","672,07","9,40","15,64","1,19","15,20","628,49","2,15"
"08.12.2020","10:00","1.154,35","7,83","15,99","1,23","13,28","1.112,46","3,56"
"08.12.2020","11:00","1.572,89","8,07","16,26","1,18","13,92","1.529,34","4,13"
"08.12.2020","12:00","1.589,77","9,95","16,02","1,27","15,16","1.542,91","4,46"
"08.12.2020","13:00","1.513,69","9,67","16,05","1,44","15,15","1.467,36","4,02"
"08.12.2020","14:00","1.233,41","9,00","16,17","2,14","14,55","1.187,79","3,75"
"08.12.2020","15:00","821,43","6,43","16,16","2,31","14,95","778,72","2,86"
"08.12.2020","16:00","379,62","5,73","16,15","2,55","15,43","338,32","1,44"
"08.12.2020","17:00","85,60","4,92","16,13","2,44","15,62","45,73","0,76"
"08.12.2020","18:00","41,57","4,89","16,01","2,41","15,31","2,80","0,15"
"08.12.2020","19:00","39,34","4,53","16,11","2,41","15,66","0,47","0,17"
"08.12.2020","20:00","37,65","3,36","16,12","2,48","15,03","0,51","0,15"
"08.12.2020","21:00","38,11","3,00","16,11","2,43","15,93","0,50","0,14"
"08.12.2020","22:00","39,40","4,54","16,01","2,49","15,68","0,58","0,10"
"08.12.2020","23:00","39,58","5,17","15,97","2,23","15,05","0,91","0,26"
"09.12.2020","00:00","39,01","4,75","16,13","1,18","14,95","1,58","0,41"
"09.12.2020","01:00","40,43","4,84","16,13","1,28","15,51","2,16","0,51"
"09.12.2020","02:00","40,46","4,76","15,92","1,36","15,56","2,45","0,40"
"09.12.2020","03:00","40,33","4,38","16,05","1,39","15,39","2,86","0,26"
"09.12.2020","04:00","40,63","5,31","14,56","1,35","15,26","3,76","0,39"
"09.12.2020","05:00","42,66","5,93","14,74","1,38","15,33","4,94","0,33"
"09.12.2020","06:00","46,82","6,61","14,77","1,50","15,31","8,03","0,59"
"09.12.2020","07:00","102,69","6,98","14,77","1,45","15,06","63,08","1,35"
"09.12.2020","08:00","463,17","7,02","14,13","1,37","13,61","425,26","1,78"
"09.12.2020","09:00","1.486,52","7,81","14,60","1,35","13,05","1.446,66","3,06"
"09.12.2020","10:00","2.241,45","9,14","13,80","1,34","11,96","2.200,11","5,10"
"09.12.2020","11:00","2.835,56","9,25","14,18","1,49","13,80","2.791,66","5,18"
"09.12.2020","12:00","3.147,86","9,74","14,56","1,60","14,42","3.101,82","5,72"
"09.12.2020","13:00","3.001,48","10,09","14,43","1,68","13,91","2.956,44","4,93"
"09.12.2020","14:00","2.462,08","11,06","14,81","1,81","13,51","2.416,47","4,42"
"09.12.2020","15:00","1.571,52","13,42","14,34","2,28","13,99","1.523,37","4,12"
"09.12.2020","16:00","599,77","15,26","14,73","2,82","15,07","549,46","2,42"
"09.12.2020","17:00","88,53","14,15","15,90","2,91","15,89","38,20","1,48"
"09.12.2020","18:00","53,83","15,93","16,01","2,83","15,63","2,17","1,27"
"09.12.2020","19:00","54,11","17,84","16,00","2,74","15,88","0,43","1,23"
"09.12.2020","20:00","55,49","19,36","15,97","2,50","15,82","0,46","1,38"
"09.12.2020","21:00","57,38","20,84","15,96","2,48","16,15","0,50","1,46"
"09.12.2020","22:00","58,79","22,48","16,21","2,62","15,85","0,52","1,11"
"09.12.2020","23:00","57,71","22,76","16,12","2,11","14,41","0,77","1,53"
"10.12.2020","00:00","59,67","24,73","16,20","1,78","14,44","1,00","1,52"
"10.12.2020","01:00","62,40","25,87","16,20","1,69","15,32","1,73","1,59"
"10.12.2020","02:00","60,72","24,21","16,08","1,61","15,33","2,13","1,36"
"10.12.2020","03:00","62,01","24,78","16,14","1,57","15,35","2,79","1,37"
"10.12.2020","04:00","61,47","24,57","15,84","1,58","14,54","3,55","1,39"
"10.12.2020","05:00","63,59","25,69","16,00","1,57","14,25","4,44","1,65"
"10.12.2020","06:00","67,42","25,65","16,01","1,57","15,14","7,20","1,86"
"10.12.2020","07:00","138,77","26,24","16,03","1,45","13,96","78,75","2,34"
"10.12.2020","08:00","590,32","24,55","16,02","1,36","13,84","532,29","2,26"
"10.12.2020","09:00","1.742,90","23,90","15,15","1,26","13,59","1.685,63","3,37"
"10.12.2020","10:00","2.789,05","24,12","15,04","1,28","13,67","2.729,60","5,34"
"10.12.2020","11:00","3.453,99","22,83","15,65","1,42","14,85","3.393,09","6,16"
"10.12.2020","12:00","3.608,87","23,90","15,92","1,99","14,77","3.546,50","5,80"
"10.12.2020","13:00","3.303,47","23,69","15,80","1,97","14,69","3.241,21","6,11"
"10.12.2020","14:00","2.667,42","22,74","15,99","1,89","14,71","2.607,25","4,83"
"10.12.2020","15:00","1.601,93","22,71","15,90","2,26","14,74","1.542,35","3,96"
"10.12.2020","16:00","507,68","22,50","14,78","2,36","15,22","450,45","2,38"
"10.12.2020","17:00","78,92","21,93","14,63","2,48","15,65","22,47","1,76"
"10.12.2020","18:00","59,49","22,29","16,39","2,22","15,70","1,65","1,24"
"10.12.2020","19:00","58,19","22,18","16,48","2,31","15,09","0,47","1,67"
"10.12.2020","20:00","59,54","23,16","16,56","2,32","15,28","0,51","1,71"
"10.12.2020","21:00","56,84","21,21","16,51","2,55","14,10","0,50","1,96"
"10.12.2020","22:00","57,63","21,34","16,25","2,44","15,70","0,59","1,31"
"10.12.2020","23:00","59,25","22,78","16,23","1,77","16,01","0,89","1,57"
"11.12.2020","00:00","57,40","22,32","16,26","1,30","15,22","1,34","0,96"
"11.12.2020","01:00","56,73","20,85","16,32","1,35","15,81","1,84","0,55"
"11.12.2020","02:00","57,38","20,72","16,41","1,35","15,78","2,25","0,87"
"11.12.2020","03:00","55,96","19,43","16,40","1,36","15,78","2,17","0,82"
"11.12.2020","04:00","54,92","19,41","15,51","0,99","15,44","2,68","0,88"
"11.12.2020","05:00","55,19","19,96","14,39","0,92","15,81","3,14","0,97"
"11.12.2020","06:00","57,40","19,48","14,77","0,89","15,59","5,30","1,37"
"11.12.2020","07:00","91,05","19,00","14,63","0,74","15,19","39,74","1,74"
"11.12.2020","08:00","369,82","17,95","14,73","0,70","15,08","319,40","1,96"
"11.12.2020","09:00","1.046,87","17,28","14,56","0,97","15,49","995,21","3,37"
"11.12.2020","10:00","1.726,11","18,05","14,73","0,78","14,98","1.672,04","5,53"
"11.12.2020","11:00","2.206,16","20,75","14,71","1,01","15,14","2.148,27","6,28"
"11.12.2020","12:00","2.388,61","24,10","14,25","1,68","15,21","2.327,33","6,04"
"11.12.2020","13:00","2.099,83","20,72","13,81","1,67","15,29","2.042,83","5,51"
"11.12.2020","14:00","1.672,60","18,03","14,26","1,33","15,34","1.619,49","4,14"
"11.12.2020","15:00","1.077,00","18,11","16,08","1,48","15,47","1.022,50","3,36"
"11.12.2020","16:00","406,29","17,20","15,47","1,68","15,28","354,75","1,92"
"11.12.2020","17:00","75,16","13,99","15,51","1,13","15,25","27,96","1,32"
"11.12.2020","18:00","50,39","14,46","15,87","1,77","15,23","2,36","0,70"
"11.12.2020","19:00","47,87","12,80","16,07","1,82","15,94","0,51","0,74"
"11.12.2020","20:00","48,41","13,57","16,04","1,61","16,07","0,52","0,61"
"11.12.2020","21:00","49,25","15,29","16,02","1,55","15,03","0,53","0,83"
"11.12.2020","22:00","48,40","14,51","16,04","1,58","15,31","0,55","0,41"
"11.12.2020","23:00","47,16","13,84","15,96","1,52","14,64","0,60","0,61"
"12.12.2020","00:00","44,98","12,69","16,05","0,69","14,33","0,82","0,41"
"12.12.2020","01:00","45,62","12,28","16,02","0,73","15,36","0,87","0,37"
"12.12.2020","02:00","48,01","14,66","16,03","0,57","15,59","0,90","0,26"
"12.12.2020","03:00","50,99","17,51","15,99","0,80","15,33","0,97","0,40"
"12.12.2020","04:00","54,00","19,36","16,46","0,80","15,36","1,25","0,76"
"12.12.2020","05:00","55,40","20,87","16,14","0,87","15,33","1,58","0,61"
"12.12.2020","06:00","60,26","23,39","16,33","0,86","15,65","3,21","0,82"
"12.12.2020","07:00","86,38","23,83","16,50","0,68","14,61","29,26","1,50"
"12.12.2020","08:00","231,37","23,30","15,60","0,72","15,41","174,77","1,57"
"12.12.2020","09:00","606,37","22,19","16,03","0,53","14,99","550,21","2,42"
"12.12.2020","10:00","1.039,13","22,03","15,83","0,44","15,70","981,27","3,86"
"12.12.2020","11:00","1.409,13","20,90","16,33","0,86","15,65","1.351,56","3,83"
"12.12.2020","12:00","1.431,91","19,60","16,45","1,09","14,51","1.376,66","3,59"
"12.12.2020","13:00","1.429,94","18,47","16,15","1,55","15,62","1.375,06","3,09"
"12.12.2020","14:00","1.131,63","16,55","16,40","1,54","15,79","1.078,57","2,77"
"12.12.2020","15:00","717,36","13,45","14,72","1,64","11,96","672,76","2,84"
"12.12.2020","16:00","270,19","12,65","15,06","1,66","14,94","224,35","1,53"
"12.12.2020","17:00","56,33","14,08","14,85","1,67","14,93","9,59","1,22"
"12.12.2020","18:00","44,80","12,67","15,11","1,93","13,56","0,81","0,72"
"12.12.2020","19:00","44,25","13,03","15,08","1,85","13,24","0,46","0,58"
"12.12.2020","20:00","43,80","12,84","14,29","1,85","13,65","0,51","0,65"
"12.12.2020","21:00","47,20","14,90","15,08","1,75","13,93","0,49","1,07"
"12.12.2020","22:00","47,07","15,90","15,10","1,67","13,47","0,50","0,43"
"12.12.2020","23:00","46,54","15,87","15,06","1,62","13,00","0,54","0,45"
"13.12.2020","00:00","45,81","14,81","14,83","1,64","13,27","0,90","0,36"
"13.12.2020","01:00","41,59","11,56","14,91","0,99","12,64","1,04","0,45"
"13.12.2020","02:00","43,13","13,45","14,99","0,83","11,85","1,40","0,60"
"13.12.2020","03:00","45,34","14,69","15,34","0,80","12,89","1,10","0,52"
"13.12.2020","04:00","49,10","17,48","15,47","0,79","13,50","1,43","0,44"
"13.12.2020","05:00","48,83","16,96","15,42","0,73","13,79","1,70","0,24"
"13.12.2020","06:00","46,90","14,06","15,41","0,83","13,93","2,21","0,45"
"13.12.2020","07:00","59,42","12,95","15,26","0,57","13,15","16,64","0,85"
"13.12.2020","08:00","159,13","8,57","15,48","0,14","13,08","120,79","1,07"
"13.12.2020","09:00","469,81","7,81","15,55","0,34","12,36","431,92","1,82"
"13.12.2020","10:00","789,35","7,36","15,46","0,45","12,27","751,16","2,64"
"13.12.2020","11:00","953,36","7,88","15,65","0,62","14,22","911,88","3,11"
"13.12.2020","12:00","1.060,54","8,41","15,30","0,53","14,79","1.018,64","2,88"
"13.12.2020","13:00","1.151,67","8,55","13,54","0,83","14,84","1.110,81","3,11"
"13.12.2020","14:00","877,71","6,99","15,69","0,85","14,15","837,45","2,59"
"13.12.2020","15:00","592,93","5,87","16,02","1,05","13,34","554,68","1,97"
"13.12.2020","16:00","206,86","7,84","15,97","1,00","12,96","168,42","0,66"
"13.12.2020","17:00","50,35","11,52","16,12","1,65","13,60","6,77","0,69"
"13.12.2020","18:00","48,10","11,32","15,99","1,92","12,48","6,10","0,28"
"13.12.2020","19:00","45,56","11,25","16,38","2,03","13,04","2,73","0,13"
"13.12.2020","20:00","53,94","14,67","16,28","1,94","16,72","4,02","0,31"
"13.12.2020","21:00","47,08","15,20","16,27","2,01","8,24","4,64","0,72"
"13.12.2020","22:00","59,36","18,92","16,37","1,47","12,98","9,31","0,31"
"13.12.2020","23:00","52,57","22,33","15,53","1,07","12,96","0,17","0,50"
"14.12.2020","00:00","52,86","23,52","15,03","0,98","12,64","0,14","0,55"
"14.12.2020","01:00","54,21","24,61","14,92","0,82","13,42","0,17","0,28"
"14.12.2020","02:00","54,09","24,42","15,02","0,74","13,47","0,23","0,20"
"14.12.2020","03:00","54,94","25,19","15,00","0,97","13,16","0,30","0,32"
"14.12.2020","04:00","56,52","26,81","15,00","1,03","12,04","0,42","1,23"
"14.12.2020","05:00","57,17","27,11","14,17","0,97","12,85","0,67","1,39"
"14.12.2020","06:00","61,41","29,29","14,71","0,86","13,27","1,62","1,65"
"14.12.2020","07:00","69,74","27,34","14,66","0,66","12,27","12,81","2,00"
"14.12.2020","08:00","173,51","25,39","14,56","0,56","12,29","118,72","1,98"
"14.12.2020","09:00","427,27","25,72","14,38","0,50","12,83","371,29","2,55"
"14.12.2020","10:00","775,74","25,20","13,85","0,36","12,39","720,58","3,35"
"14.12.2020","11:00","906,52","26,20","14,51","0,54","12,61","848,95","3,71"
"14.12.2020","12:00","937,98","28,34","13,04","0,59","11,83","880,60","3,58"
"14.12.2020","13:00","897,91","26,83","14,36","0,56","11,46","840,95","3,74"
"14.12.2020","14:00","738,77","28,57","15,53","0,61","12,22","677,98","3,86"
"14.12.2020","15:00","476,66","28,20","15,66","1,08","13,17","414,24","4,31"
"14.12.2020","16:00","210,71","27,44","15,98","1,40","14,15","149,40","2,35"
"14.12.2020","17:00","75,52","28,53","16,07","1,40","14,48","12,82","2,21"
"14.12.2020","18:00","65,13","30,24","16,05","1,61","14,56","0,94","1,73"
"14.12.2020","19:00","65,17","30,28","16,03","1,02","15,52","0,49","1,82"
"14.12.2020","20:00","65,67","30,97","16,05","0,78","15,56","0,51","1,81"
"14.12.2020","21:00","65,18","30,30","15,88","1,10","15,42","0,48","2,00"
"14.12.2020","22:00","61,60","28,62","15,34","1,02","14,77","0,46","1,40"
"14.12.2020","23:00","63,66","29,69","15,92","0,92","14,56","0,51","2,05"
"15.12.2020","00:00","62,15","29,23","15,14","1,52","14,28","0,54","1,43"
"15.12.2020","01:00","62,08","29,12","15,73","0,88","14,55","0,51","1,28"
"15.12.2020","02:00","62,50","29,30","16,03","0,75","14,43","0,47","1,51"
"15.12.2020","03:00","63,26","29,78","16,09","0,88","14,44","0,56","1,52"
"15.12.2020","04:00","62,66","29,19","16,00","0,89","14,41","0,79","1,37"
"15.12.2020","05:00","62,62","29,08","16,01","0,82","14,14","1,13","1,44"
"15.12.2020","06:00","63,00","28,79","15,49","0,69","13,87","2,38","1,78"
"15.12.2020","07:00","102,69","27,51","15,49","0,77","14,26","42,31","2,36"
"15.12.2020","08:00","327,87","26,68","13,87","0,77","14,63","269,34","2,58"
"15.12.2020","09:00","602,13","26,01","12,53","0,73","14,16","545,27","3,42"
"15.12.2020","10:00","1.012,39","24,52","12,86","0,78","11,62","957,82","4,79"
"15.12.2020","11:00","1.333,87","24,57","13,18","0,91","11,51","1.278,15","5,55"
"15.12.2020","12:00","1.402,48","24,07","13,73","0,89","13,13","1.344,69","5,96"
"15.12.2020","13:00","1.291,71","24,17","13,26","1,18","15,34","1.232,63","5,13"
"15.12.2020","14:00","1.001,91","25,45","12,86","1,01","15,46","942,25","4,88"
"15.12.2020","15:00","617,90","25,80","12,88","0,98","15,70","558,97","3,57"
"15.12.2020","16:00","293,55","25,48","12,98","1,15","16,02","235,99","1,94"
"15.12.2020","17:00","81,82","25,02","12,53","1,27","14,95","26,63","1,41"
"15.12.2020","18:00","55,16","23,12","13,00","1,19","15,17","1,52","1,16"
"15.12.2020","19:00","55,96","23,47","13,74","0,98","16,04","0,46","1,27"
"15.12.2020","20:00","56,52","22,47","15,20","0,90","16,10","0,47","1,38"
"15.12.2020","21:00","55,57","22,01","14,98","0,91","15,67","0,45","1,55"
"15.12.2020","22:00","53,52","20,19","15,19","0,92","15,62","0,46","1,15"
"15.12.2020","23:00","52,38","19,40","14,90","1,01","15,59","0,48","1,00"
"16.12.2020","00:00","51,81","18,87","15,12","0,93","15,35","0,54","1,01"
"16.12.2020","01:00","52,40","18,86","15,25","1,05","15,74","0,55","0,95"
"16.12.2020","02:00","52,23","19,15","15,04","0,81","15,69","0,59","0,95"
"16.12.2020","03:00","51,83","18,92","15,02","0,84","15,43","0,63","0,99"
"16.12.2020","04:00","50,18","17,80","15,11","0,92","14,83","0,85","0,66"
"16.12.2020","05:00","51,20","18,31","14,92","0,91","15,20","1,22","0,65"
"16.12.2020","06:00","52,67","18,20","14,84","0,88","15,36","2,39","1,00"
"16.12.2020","07:00","159,17","17,70","13,87","0,80","14,82","110,47","1,52"
"16.12.2020","08:00","241,71","16,72","14,62","0,69","14,62","193,26","1,80"
"16.12.2020","09:00","850,63","17,03","14,77","0,69","14,14","801,17","2,83"
"16.12.2020","10:00","1.560,56","15,00","14,76","0,80","13,63","1.512,14","4,22"
"16.12.2020","11:00","2.112,94","13,88","14,78","1,07","14,34","2.063,52","5,35"
"16.12.2020","12:00","2.326,60","15,27","14,82","1,29","14,40","2.274,68","6,15"
"16.12.2020","13:00","2.204,24","14,07","14,87","1,44","13,85","2.153,73","6,28"
"16.12.2020","14:00","1.812,60","13,30","14,92","1,99","11,75","1.764,99","5,65"
"16.12.2020","15:00","1.151,31","15,26","15,02","2,05","13,61","1.100,90","4,47"
"16.12.2020","16:00","484,12","14,93","14,34","1,97","14,21","436,43","2,24"
"16.12.2020","17:00","99,44","16,05","14,23","1,82","14,94","50,86","1,54"
"16.12.2020","18:00","50,28","14,02","14,97","1,80","15,75","2,95","0,79"
"16.12.2020","19:00","47,81","13,70","15,01","1,90","15,83","0,50","0,87"
"16.12.2020","20:00","45,33","12,31","14,93","1,97","14,80","0,44","0,88"
"16.12.2020","21:00","44,95","10,81","14,94","2,01","15,82","0,43","0,94"
"16.12.2020","22:00","44,21","10,94","14,53","2,05","15,86","0,45","0,37"
"16.12.2020","23:00","42,30","9,41","14,87","1,51","15,66","0,48","0,37"
"17.12.2020","00:00","38,77","7,36","14,99","1,05","14,49","0,57","0,30"
"17.12.2020","01:00","35,74","5,79","14,39","1,18","13,49","0,58","0,31"
"17.12.2020","02:00","35,10","5,66","13,14","1,08","14,22","0,61","0,39"
"17.12.2020","03:00","37,02","5,99","13,38","1,03","15,53","0,70","0,39"
"17.12.2020","04:00","35,92","5,29","13,35","1,01","14,93","1,01","0,33"
"17.12.2020","05:00","36,80","5,41","13,25","0,94","15,53","1,42","0,26"
"17.12.2020","06:00","39,47","5,42","13,11","0,98","15,53","3,88","0,55"
"17.12.2020","07:00","84,84","5,26","13,13","0,97","14,92","49,50","1,06"
"17.12.2020","08:00","415,05","4,56","13,00","1,05","15,14","379,85","1,44"
"17.12.2020","09:00","1.326,95","4,35","10,40","1,17","15,32","1.292,75","2,96"
"17.12.2020","10:00","2.193,24","3,63","12,86","1,44","14,77","2.155,82","4,70"
"17.12.2020","11:00","2.831,40","3,23","13,10","1,41","14,23","2.793,66","5,77"
"17.12.2020","12:00","3.184,83","3,35","13,50","1,23","15,24","3.145,28","6,24"
"17.12.2020","13:00","2.923,10","3,93","14,06","1,22","11,20","2.886,65","6,03"
"17.12.2020","14:00","2.508,50","3,90","13,95","1,27","13,80","2.470,15","5,43"
"17.12.2020","15:00","1.639,50","3,89","13,88","1,17","14,25","1.601,91","4,40"
"17.12.2020","16:00","611,71","4,06","14,03","1,39","15,22","575,32","1,69"
"17.12.2020","17:00","88,32","4,10","14,07","1,44","14,93","52,61","1,16"
"17.12.2020","18:00","39,30","5,13","14,27","1,48","14,91","2,96","0,54"
"17.12.2020","19:00","37,85","6,28","14,36","1,49","14,73","0,47","0,51"
"17.12.2020","20:00","37,93","5,48","14,60","1,31","15,52","0,51","0,51"
"17.12.2020","21:00","38,69","5,54","14,68","1,27","15,87","0,50","0,84"
"17.12.2020","22:00","38,25","6,03","14,63","1,12","15,62","0,51","0,34"
"17.12.2020","23:00","38,47","6,19","14,78","1,13","15,58","0,56","0,22"
"18.12.2020","00:00","37,93","5,25","14,80","1,07","15,29","1,31","0,20"
"18.12.2020","01:00","37,14","5,02","14,79","1,10","15,45","0,60","0,18"
"18.12.2020","02:00","37,99","5,92","14,77","1,13","15,36","0,59","0,22"
"18.12.2020","03:00","39,46","7,19","14,79","1,33","15,23","0,65","0,27"
"18.12.2020","04:00","40,48","7,94","14,77","1,32","15,28","0,88","0,28"
"18.12.2020","05:00","42,21","8,92","14,78","1,29","15,51","1,45","0,26"
"18.12.2020","06:00","43,26","8,18","14,80","1,30","15,07","3,62","0,30"
"18.12.2020","07:00","95,29","7,89","14,72","1,21","14,78","55,87","0,83"
"18.12.2020","08:00","480,39","6,60","12,98","1,00","14,42","444,18","1,22"
"18.12.2020","09:00","1.434,30","5,93","11,51","0,76","14,26","1.399,38","2,46"
"18.12.2020","10:00","2.462,27","4,96","11,17","0,94","14,46","2.426,51","4,23"
"18.12.2020","11:00","3.139,68","4,72","11,31","0,43","15,00","3.103,06","5,16"
"18.12.2020","12:00","3.433,63","4,71","11,35","0,11","15,71","3.395,98","5,77"
"18.12.2020","13:00","3.382,84","5,42","11,73","0,60","15,72","3.343,73","5,64"
"18.12.2020","14:00","2.886,98","6,15","12,99","1,33","15,52","2.845,80","5,19"
"18.12.2020","15:00","1.835,51","7,31","12,55","0,40","15,22","1.796,09","3,94"
"18.12.2020","16:00","652,96","7,95","13,54","1,09","15,08","613,66","1,63"
"18.12.2020","17:00","91,14","9,28","13,59","1,15","15,28","50,78","1,06"
"18.12.2020","18:00","43,59","8,62","13,60","1,14","16,05","3,77","0,42"
"18.12.2020","19:00","39,69","7,63","13,72","1,44","15,85","0,49","0,56"
"18.12.2020","20:00","40,40","7,06","14,80","1,56","15,95","0,46","0,56"
"18.12.2020","21:00","41,78","8,27","15,06","1,28","15,95","0,50","0,73"
"18.12.2020","22:00","40,10","7,78","15,05","1,40","15,22","0,53","0,12"
"18.12.2020","23:00","39,43","7,01","14,94","1,61","15,14","0,60","0,13"
"19.12.2020","00:00","38,97","6,91","15,03","1,24","14,88","0,78","0,13"
"19.12.2020","01:00","39,54","6,58","15,04","1,14","15,81","0,78","0,18"
"19.12.2020","02:00","38,90","6,64","15,04","1,15","15,08","0,70","0,28"
"19.12.2020","03:00","38,86","6,39","14,98","1,26","15,30","0,76","0,17"
"19.12.2020","04:00","38,83","5,84","14,96","1,09","15,50","1,27","0,17"
"19.12.2020","05:00","38,98","5,50","15,02","1,02","15,21","2,01","0,23"
"19.12.2020","06:00","40,74","5,91","14,88","1,21","15,33","2,93","0,49"
"19.12.2020","07:00","83,05","6,84","14,35","1,18","15,16","44,45","1,08"
"19.12.2020","08:00","455,43","7,85","14,22","1,07","15,16","415,53","1,60"
"19.12.2020","09:00","1.305,79","8,62","8,95","1,06","14,89","1.269,24","3,03"
"19.12.2020","10:00","2.213,01","7,56","13,99","1,16","13,62","2.171,53","5,16"
"19.12.2020","11:00","2.890,27","6,93","14,12","1,45","14,98","2.847,17","5,63"
"19.12.2020","12:00","3.240,17","5,31","14,38","1,67","15,33","3.197,23","6,26"
"19.12.2020","13:00","3.142,65","4,72","14,52","2,25","15,13","3.099,51","6,52"
"19.12.2020","14:00","2.672,75","4,72","14,39","2,18","15,05","2.630,84","5,58"
"19.12.2020","15:00","1.746,20","5,34","14,45","1,92","15,13","1.705,34","4,02"
"19.12.2020","16:00","724,47","6,34","14,36","1,57","15,10","685,27","1,85"
"19.12.2020","17:00","101,50","7,49","14,51","1,30","15,43","61,54","1,22"
"19.12.2020","18:00","42,92","7,81","14,72","1,29","15,63","2,95","0,52"
"19.12.2020","19:00","40,89","7,85","14,66","1,72","15,63","0,51","0,53"
"19.12.2020","20:00","41,54","7,45","14,75","2,23","16,04","0,53","0,54"
"19.12.2020","21:00","42,60","8,47","14,75","1,65","16,27","0,56","0,89"
"19.12.2020","22:00","41,39","8,26","14,74","1,33","16,01","0,55","0,50"
"19.12.2020","23:00","41,25","8,33","14,75","1,26","15,96","0,65","0,30"
"20.12.2020","00:00","39,95","7,69","14,62","1,13","15,62","0,66","0,22"
"20.12.2020","01:00","41,34","9,29","14,09","1,21","15,77","0,69","0,30"
"20.12.2020","02:00","40,33","9,26","13,14","1,27","15,67","0,67","0,33"
"20.12.2020","03:00","40,81","10,35","13,37","1,26","14,39","1,01","0,44"
"20.12.2020","04:00","40,02","8,91","13,38","1,17","14,44","1,73","0,38"
"20.12.2020","05:00","41,21","8,43","13,29","1,20","15,31","2,62","0,36"
"20.12.2020","06:00","44,22","8,25","13,24","1,28","15,54","5,27","0,64"
"20.12.2020","07:00","95,33","8,01","13,31","1,07","15,50","56,23","1,20"
"20.12.2020","08:00","567,84","8,74","13,33","1,09","14,91","527,92","1,84"
"20.12.2020","09:00","1.899,91","8,65","13,14","1,01","14,80","1.858,98","3,32"
"20.12.2020","10:00","3.058,69","8,76","13,41","1,18","13,02","3.017,33","5,00"
"20.12.2020","11:00","3.838,04","9,09","13,42","1,28","15,20","3.793,64","5,41"
"20.12.2020","12:00","4.136,65","10,48","13,38","1,32","15,49","4.089,98","6,00"
"20.12.2020","13:00","4.012,29","11,96","13,20","0,31","15,19","3.965,35","6,28"
"20.12.2020","14:00","3.373,74","13,52","14,42","0,81","14,44","3.324,77","5,78"
"20.12.2020","15:00","2.199,44","15,16","14,76","1,33","14,57","2.149,12","4,49"
"20.12.2020","16:00","821,52","15,21","14,81","1,30","16,10","771,74","2,35"
"20.12.2020","17:00","106,32","15,32","14,80","1,32","16,26","56,99","1,63"
"20.12.2020","18:00","51,56","16,49","14,81","1,42","16,15","1,59","1,10"
"20.12.2020","19:00","51,26","17,92","14,81","1,34","15,87","0,09","1,22"
"20.12.2020","20:00","51,32","17,70","14,80","1,38","16,13","0,07","1,23"
"20.12.2020","21:00","50,98","17,05","14,70","1,56","16,22","0,06","1,39"
"20.12.2020","22:00","50,47","17,25","14,81","1,51","15,70","0,19","1,01"
"20.12.2020","23:00","50,12","17,15","14,78","1,34","15,69","0,26","0,90"
"21.12.2020","00:00","47,92","15,75","14,81","1,05","14,99","0,22","1,10"
"21.12.2020","01:00","47,99","15,54","14,76","1,20","15,30","0,28","0,91"
"21.12.2020","02:00","48,20","15,31","14,73","1,39","15,35","0,30","1,12"
"21.12.2020","03:00","49,83","16,67","14,81","1,48","15,47","0,30","1,09"
"21.12.2020","04:00","50,33","17,25","14,79","1,40","15,18","0,57","1,15"
"21.12.2020","05:00","51,03","17,03","14,71","1,35","15,31","1,44","1,18"
"21.12.2020","06:00","52,40","16,36","14,64","1,21","15,39","3,47","1,32"
"21.12.2020","07:00","87,05","16,28","14,63","1,18","14,00","39,22","1,73"
"21.12.2020","08:00","404,88","15,07","13,92","1,11","13,68","359,28","1,82"
"21.12.2020","09:00","1.240,73","13,08","13,98","0,92","13,96","1.195,80","2,98"
"21.12.2020","10:00","2.019,56","11,45","14,32","1,04","13,92","1.974,71","4,12"
"21.12.2020","11:00","2.495,18","10,48","13,91","1,12","14,93","2.450,51","4,23"
"21.12.2020","12:00","2.539,61","9,53","14,90","1,13","14,80","2.495,42","3,83"
"21.12.2020","13:00","2.130,46","10,04","15,06","1,07","14,77","2.085,76","3,76"
"21.12.2020","14:00","1.493,54","12,27","14,93","0,95","14,68","1.447,21","3,50"
"21.12.2020","15:00","886,69","11,21","14,86","1,02","14,76","841,87","2,97"
"21.12.2020","16:00","346,76","12,01","14,56","1,39","12,96","304,38","1,48"
"21.12.2020","17:00","82,83","13,69","15,02","1,43","15,65","35,65","1,39"
"21.12.2020","18:00","50,12","15,20","14,83","1,50","14,85","2,88","0,86"
"21.12.2020","19:00","47,64","14,70","14,97","1,41","15,31","0,51","0,74"
"21.12.2020","20:00","46,97","13,57","14,94","1,34","15,80","0,55","0,76"
"21.12.2020","21:00","45,46","12,17","14,76","1,23","15,73","0,52","1,06"
"21.12.2020","22:00","42,85","10,59","14,75","1,14","15,23","0,56","0,57"
"21.12.2020","23:00","41,68","9,40","14,58","1,18","15,39","0,84","0,29"
"22.12.2020","00:00","42,43","10,39","14,73","1,14","15,11","0,84","0,22"
"22.12.2020","01:00","42,07","10,97","13,87","0,97","15,11","0,78","0,37"
"22.12.2020","02:00","42,24","11,40","13,34","1,00","15,21","0,87","0,41"
"22.12.2020","03:00","43,10","12,21","13,36","1,04","15,20","0,87","0,42"
"22.12.2020","04:00","44,47","13,43","13,33","1,07","15,37","1,04","0,25"
"22.12.2020","05:00","42,95","11,42","13,36","1,09","14,98","1,78","0,32"
"22.12.2020","06:00","42,51","8,92","13,35","1,13","15,27","3,27","0,58"
"22.12.2020","07:00","64,28","8,86","12,99","1,00","14,82","25,30","1,30"
"22.12.2020","08:00","229,09","8,50","12,48","0,84","13,28","192,59","1,39"
"22.12.2020","09:00","706,21","9,14","14,16","0,79","14,37","664,95","2,80"
"22.12.2020","10:00","1.217,02","9,20","14,71","1,02","14,19","1.173,52","4,39"
"22.12.2020","11:00","1.599,31","10,86","14,47","0,98","14,72","1.552,95","5,34"
"22.12.2020","12:00","1.764,74","11,03","14,48","1,09","13,20","1.719,67","5,27"
"22.12.2020","13:00","1.684,50","11,87","14,45","1,02","13,94","1.637,95","5,25"
"22.12.2020","14:00","1.376,91","12,37","14,55","1,15","14,43","1.329,98","4,44"
"22.12.2020","15:00","889,39","10,64","14,52","1,23","15,57","843,97","3,46"
"22.12.2020","16:00","359,98","9,61","14,65","1,21","14,20","318,72","1,59"
"22.12.2020","17:00","81,54","8,40","14,69","1,28","13,65","42,52","0,99"
"22.12.2020","18:00","41,38","8,61","14,03","1,21","14,50","2,71","0,32"
"22.12.2020","19:00","39,49","7,44","14,76","1,28","14,93","0,51","0,56"
"22.12.2020","20:00","40,51","6,92","15,64","1,36","15,56","0,52","0,51"
"22.12.2020","21:00","39,12","6,12","15,66","1,33","14,89","0,53","0,59"
"22.12.2020","22:00","33,59","3,21","15,65","1,34","12,78","0,55","0,06"
"22.12.2020","23:00","34,24","2,29","15,61","1,10","14,49","0,67","0,08"
"23.12.2020","00:00","35,72","2,96","15,69","1,04","15,28","0,72","0,04"
"23.12.2020","01:00","36,19","3,06","15,72","1,11","15,56","0,72","0,03"
"23.12.2020","02:00","36,10","2,90","15,69","1,22","15,55","0,66","0,09"
"23.12.2020","03:00","35,16","1,79","15,71","1,13","15,52","0,94","0,06"
"23.12.2020","04:00","35,59","1,80","15,66","1,22","15,49","1,42","0,01"
"23.12.2020","05:00","35,93","1,66","15,72","1,13","15,42","1,98","0,01"
"23.12.2020","06:00","38,17","1,67","15,75","1,04","15,58","4,01","0,12"
"23.12.2020","07:00","72,11","1,78","15,74","0,94","15,01","37,95","0,68"
"23.12.2020","08:00","334,70","1,47","15,42","0,87","15,03","300,72","1,19"
"23.12.2020","09:00","1.276,16","0,76","15,44","0,82","14,97","1.241,38","2,79"
"23.12.2020","10:00","2.345,04","0,45","14,99","0,84","14,53","2.309,17","5,05"
"23.12.2020","11:00","3.027,25","0,82","14,49","1,04","15,02","2.989,76","6,12"
"23.12.2020","12:00","3.289,75","0,91","15,93","0,96","14,14","3.251,25","6,56"
"23.12.2020","13:00","3.116,16","0,68","15,91","0,98","15,43","3.076,55","6,61"
"23.12.2020","14:00","2.531,68","0,92","15,89","1,02","15,69","2.492,58","5,57"
"23.12.2020","15:00","1.593,41","1,04","14,53","0,99","15,62","1.557,38","3,86"
"23.12.2020","16:00","616,60","1,07","14,65","0,91","15,52","582,71","1,73"
"23.12.2020","17:00","85,88","0,92","14,82","1,00","15,58","52,86","0,70"
"23.12.2020","18:00","36,61","1,21","15,60","0,96","15,84","2,94","0,05"
"23.12.2020","19:00","35,18","2,25","15,54","0,87","15,80","0,50","0,23"
"23.12.2020","20:00","36,50","2,99","16,04","0,91","15,82","0,50","0,23"
"23.12.2020","21:00","36,54","2,34","16,03","1,09","16,14","0,51","0,42"
"23.12.2020","22:00","36,95","3,30","16,25","1,11","15,58","0,55","0,16"
"23.12.2020","23:00","38,30","3,33","17,24","1,08","15,63","0,81","0,20"
"24.12.2020","00:00","38,42","3,15","17,18","1,18","15,27","1,38","0,26"
"24.12.2020","01:00","38,64","4,45","15,71","1,08","15,55","1,51","0,34"
"24.12.2020","02:00","38,68","5,16","15,51","1,09","15,43","1,11","0,37"
"24.12.2020","03:00","39,82","5,56","15,85","1,22","15,57","1,16","0,47"
"24.12.2020","04:00","40,71","6,26","15,81","1,28","15,58","1,27","0,51"
"24.12.2020","05:00","42,69","7,58","15,76","1,20","15,50","2,36","0,29"
"24.12.2020","06:00","45,99","8,30","15,83","1,09","14,48","5,74","0,55"
"24.12.2020","07:00","96,58","10,19","15,64","0,48","14,32","54,91","1,04"
"24.12.2020","08:00","475,05","11,38","15,32","0,14","14,53","432,03","1,65"
"24.12.2020","09:00","1.537,20","10,94","15,57","0,60","14,01","1.492,72","3,34"
"24.12.2020","10:00","2.801,41","8,82","15,85","0,69","13,77","2.756,98","5,31"
"24.12.2020","11:00","3.546,91","8,44","16,12","0,77","14,79","3.501,03","5,77"
"24.12.2020","12:00","3.907,05","8,62","17,27","0,90","15,36","3.859,04","5,87"
"24.12.2020","13:00","3.750,67","8,70","17,28","0,94","15,37","3.702,38","6,01"
"24.12.2020","14:00","3.156,06","8,54","16,58","0,90","12,69","3.112,05","5,30"
"24.12.2020","15:00","2.093,02","9,13","16,88","0,97","15,14","2.046,81","4,09"
"24.12.2020","16:00","834,83","9,27","17,12","1,11","15,65","789,76","1,92"
"24.12.2020","17:00","128,88","9,89","16,48","1,15","15,91","84,33","1,12"
"24.12.2020","18:00","50,80","11,92","16,40","1,08","15,78","4,92","0,69"
"24.12.2020","19:00","49,01","14,10","16,39","1,30","15,81","0,49","0,92"
"24.12.2020","20:00","49,47","14,42","16,38","1,46","15,73","0,50","0,97"
"24.12.2020","21:00","48,94","13,90","16,29","1,27","15,86","0,52","1,10"
"24.12.2020","22:00","49,38","15,34","15,96","1,24","15,65","0,54","0,65"
"24.12.2020","23:00","50,80","16,01","16,30","1,10","15,76","0,94","0,68"
"25.12.2020","00:00","51,54","17,05","16,34","1,06","15,42","0,86","0,80"
"25.12.2020","01:00","52,64","17,94","16,26","1,06","15,65","0,94","0,80"
"25.12.2020","02:00","53,23","18,60","16,04","1,04","15,65","1,11","0,80"
"25.12.2020","03:00","53,34","18,41","16,35","1,12","15,65","1,00","0,80"
"25.12.2020","04:00","54,52","18,70","16,35","1,19","15,51","1,96","0,82"
"25.12.2020","05:00","56,33","19,12","16,36","1,01","15,58","3,41","0,86"
"25.12.2020","06:00","59,67","18,84","16,27","1,01","15,53","6,86","1,16"
"25.12.2020","07:00","117,16","19,64","15,97","1,08","15,80","63,12","1,54"
"25.12.2020","08:00","612,96","20,90","16,30","0,89","15,56","556,88","2,43"
"25.12.2020","09:00","1.858,48","21,05","16,15","0,95","15,37","1.801,43","3,53"
"25.12.2020","10:00","3.096,69","20,09","16,32","1,07","13,66","3.039,80","5,75"
"25.12.2020","11:00","3.872,41","19,92","16,43","1,14","12,23","3.816,26","6,43"
"25.12.2020","12:00","4.138,15","22,45","16,41","1,07","13,99","4.076,81","7,42"
"25.12.2020","13:00","3.903,25","22,82","16,05","1,08","14,53","3.841,09","7,67"
"25.12.2020","14:00","3.245,67","23,43","15,46","0,99","14,71","3.184,14","6,95"
"25.12.2020","15:00","2.061,90","23,28","16,21","1,27","14,94","2.000,79","5,41"
"25.12.2020","16:00","784,70","24,46","15,53","1,28","15,52","724,84","3,07"
"25.12.2020","17:00","120,07","25,65","14,45","1,30","15,43","60,84","2,39"
"25.12.2020","18:00","60,66","24,98","14,95","1,00","15,43","2,62","1,68"
"25.12.2020","19:00","58,22","24,78","14,95","0,96","15,50","0,49","1,55"
"25.12.2020","20:00","58,68","25,89","14,79","1,12","14,97","0,50","1,41"
"25.12.2020","21:00","61,31","27,51","14,90","1,15","15,49","0,72","1,53"
"25.12.2020","22:00","60,65","28,14","14,85","1,12","14,74","0,59","1,20"
"25.12.2020","23:00","60,03","27,88","14,57","1,16","14,40","0,64","1,37"
"26.12.2020","00:00","59,78","26,86","14,89","1,17","15,06","0,57","1,23"
"26.12.2020","01:00","60,62","27,11","14,90","1,04","15,56","0,67","1,33"
"26.12.2020","02:00","62,23","27,62","15,74","1,08","15,59","0,89","1,31"
"26.12.2020","03:00","61,78","26,75","16,31","1,06","15,56","0,96","1,15"
"26.12.2020","04:00","64,69","28,75","16,28","1,17","15,56","1,59","1,34"
"26.12.2020","05:00","64,51","27,33","16,31","1,25","15,54","2,64","1,45"
"26.12.2020","06:00","68,46","28,37","16,30","1,25","15,54","5,14","1,86"
"26.12.2020","07:00","118,01","28,10","16,07","1,28","14,51","55,79","2,26"
"26.12.2020","08:00","521,28","26,27","16,27","1,30","14,30","460,82","2,31"
"26.12.2020","09:00","1.585,28","25,56","16,20","1,03","14,34","1.524,42","3,73"
"26.12.2020","10:00","2.681,64","24,69","16,22","1,11","13,77","2.620,59","5,25"
"26.12.2020","11:00","3.343,27","25,74","15,24","1,21","14,42","3.280,78","5,87"
"26.12.2020","12:00","3.594,90","27,48","15,28","1,29","14,38","3.530,18","6,29"
"26.12.2020","13:00","3.420,37","24,98","15,95","1,18","14,84","3.357,38","6,05"
"26.12.2020","14:00","2.884,73","23,47","16,16","1,33","15,21","2.822,89","5,67"
"26.12.2020","15:00","1.804,18","24,14","16,20","1,13","15,68","1.742,26","4,78"
"26.12.2020","16:00","677,88","25,41","16,19","0,57","15,55","617,35","2,81"
"26.12.2020","17:00","101,46","24,21","16,73","0,23","14,27","44,10","1,92"
"26.12.2020","18:00","61,14","23,91","17,52","0,67","16,19","1,80","1,04"
"26.12.2020","19:00","61,57","24,94","17,93","0,82","16,34","0,48","1,06"
"26.12.2020","20:00","61,07","23,38","17,83","2,12","16,31","0,49","0,93"
"26.12.2020","21:00","60,92","22,85","17,78","2,11","16,29","0,47","1,42"
"26.12.2020","22:00","58,63","21,52","17,68","1,23","16,23","0,49","1,49"
"26.12.2020","23:00","56,42","19,92","17,72","1,05","15,99","0,58","1,17"
"27.12.2020","00:00","53,68","17,19","17,70","1,06","15,63","0,70","1,39"
"27.12.2020","01:00","53,63","17,07","17,61","0,95","15,92","0,87","1,22"
"27.12.2020","02:00","52,13","16,75","16,36","0,98","15,88","0,95","1,21"
"27.12.2020","03:00","53,09","17,31","16,47","1,15","15,89","1,09","1,18"
"27.12.2020","04:00","53,56","17,47","16,28","1,26","15,79","1,91","0,85"
"27.12.2020","05:00","51,45","14,51","16,21","1,13","15,88","2,98","0,74"
"27.12.2020","06:00","54,29","15,09","16,32","1,02","15,58","5,18","1,11"
"27.12.2020","07:00","105,67","14,94","16,38","0,97","15,41","56,38","1,59"
"27.12.2020","08:00","569,57","15,22","16,40","1,03","14,39","520,49","2,04"
"27.12.2020","09:00","1.700,94","15,16","16,45","0,86","15,33","1.649,58","3,55"
"27.12.2020","10:00","2.781,99","13,69","16,49","1,01","14,94","2.730,24","5,62"
"27.12.2020","11:00","3.440,57","12,91","16,21","1,03","14,76","3.389,45","6,22"
"27.12.2020","12:00","3.656,98","13,50","17,93","0,84","13,64","3.605,35","5,72"
"27.12.2020","13:00","3.494,82","12,92","17,77","0,94","14,51","3.442,98","5,70"
"27.12.2020","14:00","2.836,69","11,86","17,78","0,99","14,71","2.786,49","4,86"
"27.12.2020","15:00","1.799,20","11,95","17,82","1,19","14,33","1.750,04","3,87"
"27.12.2020","16:00","680,53","11,39","17,89","1,15","14,42","633,75","1,94"
"27.12.2020","17:00","92,23","11,01","17,89","1,15","14,82","46,27","1,09"
"27.12.2020","18:00","49,81","12,90","17,88","1,15","15,12","1,97","0,79"
"27.12.2020","19:00","51,14","16,00","17,38","1,46","15,14","0,16","1,00"
"27.12.2020","20:00","53,40","18,54","16,26","2,00","15,14","0,15","1,30"
"27.12.2020","21:00","58,66","21,81","17,95","2,02","15,11","0,14","1,63"
"27.12.2020","22:00","58,05","21,83","17,92","2,13","14,80","0,17","1,20"
"27.12.2020","23:00","57,13","21,11","17,69","2,19","14,85","0,23","1,06"
"28.12.2020","00:00","57,15","21,73","17,22","2,19","13,84","1,38","0,80"
"28.12.2020","01:00","57,84","22,87","17,82","1,29","14,72","0,22","0,92"
"28.12.2020","02:00","56,36","21,10","17,91","1,14","14,87","0,37","0,97"
"28.12.2020","03:00","57,85","22,31","17,90","1,32","14,80","0,32","1,19"
"28.12.2020","04:00","52,76","18,33","17,88","1,45","13,47","0,77","0,86"
"28.12.2020","05:00","54,84","18,85","17,90","1,37","14,47","1,49","0,77"
"28.12.2020","06:00","58,47","20,80","17,83","1,40","14,61","2,82","1,01"
"28.12.2020","07:00","92,76","20,88","17,90","1,22","14,36","36,60","1,80"
"28.12.2020","08:00","457,80","19,68","17,82","1,00","14,35","403,17","1,78"
"28.12.2020","09:00","1.143,67","19,37","17,63","0,81","14,30","1.088,65","2,91"
"28.12.2020","10:00","1.777,59","16,64","17,67","0,96","12,33","1.726,00","3,99"
"28.12.2020","11:00","2.183,05","18,68","17,70","1,18","13,80","2.127,42","4,27"
"28.12.2020","12:00","2.281,15","20,26","17,81","1,22","13,70","2.224,68","3,49"
"28.12.2020","13:00","2.087,63","20,82","17,81","1,32","14,16","2.029,72","3,78"
"28.12.2020","14:00","1.624,00","18,61","17,84","0,42","14,50","1.568,77","3,86"
"28.12.2020","15:00","1.083,52","20,16","17,04","0,85","15,19","1.026,79","3,49"
"28.12.2020","16:00","495,14","16,65","17,59","1,03","14,94","442,59","2,35"
"28.12.2020","17:00","101,58","16,04","17,88","1,10","14,83","50,26","1,47"
"28.12.2020","18:00","56,73","16,76","18,24","1,27","15,75","3,85","0,86"
"28.12.2020","19:00","54,39","18,03","17,86","1,32","15,65","0,67","0,85"
"28.12.2020","20:00","57,79","21,37","18,02","1,13","15,74","0,52","1,01"
"28.12.2020","21:00","58,58","22,14","18,13","1,16","15,45","0,48","1,22"
"28.12.2020","22:00","60,44","25,08","16,97","1,12","15,81","0,53","0,92"
"28.12.2020","23:00","62,27","26,72","16,72","0,92","16,03","0,77","1,11"
"29.12.2020","00:00","63,28","27,89","16,73","1,02","15,43","0,95","1,26"
"29.12.2020","01:00","62,59","27,47","16,29","1,18","15,71","0,96","0,98"
"29.12.2020","02:00","65,34","29,28","16,79","1,14","15,98","1,05","1,10"
"29.12.2020","03:00","66,17","30,59","16,54","1,11","15,62","1,19","1,11"
"29.12.2020","04:00","68,04","31,48","16,82","1,12","15,73","1,88","1,02"
"29.12.2020","05:00","68,11","30,57","16,78","1,13","15,02","3,29","1,32"
"29.12.2020","06:00","71,50","30,63","16,77","0,93","15,11","6,40","1,66"
"29.12.2020","07:00","114,20","31,94","16,75","0,87","15,80","46,60","2,24"
"29.12.2020","08:00","502,19","31,01","16,98","0,84","15,46","435,76","2,15"
"29.12.2020","09:00","1.691,74","29,63","18,27","1,07","14,28","1.624,66","3,83"
"29.12.2020","10:00","2.947,82","28,82","17,94","1,09","13,62","2.880,47","5,88"
"29.12.2020","11:00","3.663,72","29,98","17,55","1,21","14,68","3.593,53","6,76"
"29.12.2020","12:00","3.939,50","28,05","16,93","1,11","14,22","3.871,97","7,22"
"29.12.2020","13:00","3.769,10","26,82","17,96","1,20","14,33","3.701,44","7,36"
"29.12.2020","14:00","3.105,57","27,49","18,02","1,03","14,71","3.037,73","6,58"
"29.12.2020","15:00","2.026,60","26,49","17,73","1,03","14,12","1.961,59","5,64"
"29.12.2020","16:00","833,45","24,96","17,48","0,87","15,02","771,65","3,46"
"29.12.2020","17:00","139,14","24,11","17,00","1,15","15,63","78,95","2,30"
"29.12.2020","18:00","63,92","22,71","18,17","1,34","15,87","4,22","1,60"
"29.12.2020","19:00","59,89","22,50","17,95","1,03","16,27","0,49","1,65"
"29.12.2020","20:00","60,23","22,53","18,18","1,09","16,48","0,50","1,46"
"29.12.2020","21:00","62,36","24,63","18,06","1,10","16,52","0,53","1,52"
"29.12.2020","22:00","61,48","25,07","17,72","1,06","16,11","0,57","0,95"
"29.12.2020","23:00","58,83","22,39","17,64","1,06","16,10","0,81","0,83"
"30.12.2020","00:00","55,20","18,98","17,82","1,11","15,45","0,94","0,89"
"30.12.2020","01:00","55,44","20,46","16,08","1,04","15,80","0,96","1,11"
"30.12.2020","02:00","55,31","19,68","16,74","1,00","15,85","1,05","0,98"
"30.12.2020","03:00","55,97","19,26","17,42","1,02","16,15","1,00","1,12"
"30.12.2020","04:00","56,23","18,94","17,44","1,08","16,06","1,61","1,09"
"30.12.2020","05:00","55,82","17,53","17,48","1,08","16,09","2,60","1,05"
"30.12.2020","06:00","57,92","17,29","17,17","1,05","16,06","5,22","1,13"
"30.12.2020","07:00","104,52","17,27","17,52","0,92","15,32","52,09","1,39"
"30.12.2020","08:00","615,05","18,06","17,56","0,97","15,38","561,51","1,57"
"30.12.2020","09:00","1.852,08","18,65","16,20","1,05","15,13","1.797,71","3,34"
"30.12.2020","10:00","3.100,84","16,27","16,25","0,60","14,76","3.047,32","5,65"
"30.12.2020","11:00","3.832,97","19,91","16,01","0,68","15,24","3.774,56","6,57"
"30.12.2020","12:00","4.111,30","20,26","16,92","1,30","14,95","4.051,16","6,71"
"30.12.2020","13:00","3.931,67","23,25","17,13","1,37","14,91","3.868,66","6,34"
"30.12.2020","14:00","3.313,94","22,22","15,63","1,23","15,06","3.254,72","5,07"
"30.12.2020","15:00","2.176,06","20,56","16,59","0,94","14,77","2.118,42","4,78"
"30.12.2020","16:00","874,18","20,04","16,54","0,84","15,70","818,05","3,01"
"30.12.2020","17:00","135,33","18,20","16,61","1,26","16,18","81,04","2,04"
"30.12.2020","18:00","58,87","19,40","16,79","1,25","16,10","3,95","1,38"
"30.12.2020","19:00","60,97","23,05","17,23","2,15","16,21","1,00","1,34"
"30.12.2020","20:00","58,88","21,44","17,23","1,99","16,03","0,67","1,52"
"30.12.2020","21:00","58,35","21,76","17,19","2,00","15,05","1,01","1,35"
"30.12.2020","22:00","55,74","21,05","17,00","1,33","15,03","0,50","0,83"
"30.12.2020","23:00","56,49","21,39","17,07","1,16","15,24","0,76","0,87"
"31.12.2020","00:00","55,37","20,40","16,87","1,37","14,96","0,96","0,80"
"31.12.2020","01:00","55,51","19,89","17,09","1,31","15,32","1,06","0,84"
"31.12.2020","02:00","55,73","20,48","16,82","1,22","15,39","0,99","0,83"
"31.12.2020","03:00","54,73","20,34","16,01","1,17","15,29","0,96","0,95"
"31.12.2020","04:00","55,01","19,96","15,74","1,17","15,40","1,94","0,80"
"31.12.2020","05:00","57,17","20,44","16,19","1,14","15,40","3,23","0,77"
"31.12.2020","06:00","59,44","20,23","16,06","1,13","15,27","5,77","0,97"
"31.12.2020","07:00","106,67","20,82","16,19","1,12","14,98","51,97","1,59"
"31.12.2020","08:00","570,12","20,72","16,15","1,04","14,78","515,29","2,14"
"31.12.2020","09:00","1.758,26","21,21","15,69","1,10","14,71","1.701,68","3,86"
"31.12.2020","10:00","2.932,66","21,58","15,62","1,01","14,38","2.874,46","5,62"
"31.12.2020","11:00","3.679,99","23,74","16,10","1,13","14,57","3.618,37","6,07"
"31.12.2020","12:00","3.897,22","25,04","17,41","1,07","15,28","3.831,04","7,39"
"31.12.2020","13:00","3.639,11","26,35","17,42","1,03","15,26","3.572,27","6,78"
"31.12.2020","14:00","2.998,38","26,56","17,57","1,00","15,37","2.931,99","5,88"
"31.12.2020","15:00","1.929,46","26,81","17,59","1,30","13,64","1.865,64","4,49"
"31.12.2020","16:00","790,32","26,32","17,58","1,51","13,44","728,59","2,87"
"31.12.2020","17:00","125,36","24,62","17,44","1,66","16,41","63,33","1,90"
"31.12.2020","18:00","69,81","27,63","17,75","2,45","16,70","4,16","1,13"
"31.12.2020","19:00","66,96","28,48","17,75","2,65","16,77","0,17","1,15"
"31.12.2020","20:00","65,18","27,36","17,84","2,41","16,52","0,15","0,88"
"31.12.2020","21:00","65,83","27,76","17,81","2,41","16,55","0,16","1,15"
"31.12.2020","22:00","67,26","30,40","16,63","2,27","16,62","0,20","1,14"
"31.12.2020","23:00","65,86","28,74","16,18","1,43","16,52","1,70","1,28"
